<?xml version='1.0' encoding='UTF-8'?>
<ns0:Pages xmlns:ns0="http://schemas.microsoft.com/office/visio/2012/main" xmlns:r="http://schemas.openxmlformats.org/officeDocument/2006/relationships" xml:space="preserve"><ns0:Page ID="0" NameU="Page-1" Name="Page-1" ViewScale="-1" ViewCenterX="5.481132124785" ViewCenterY="4.2452830570624"><ns0:PageSheet LineStyle="0" FillStyle="0" TextStyle="0"><ns0:Cell N="PageWidth" V="11" /><ns0:Cell N="PageHeight" V="8.5" /><ns0:Cell N="ShdwOffsetX" V="0.125" /><ns0:Cell N="ShdwOffsetY" V="-0.125" /><ns0:Cell N="PageScale" V="1" U="IN_F" /><ns0:Cell N="DrawingScale" V="1" U="IN_F" /><ns0:Cell N="DrawingSizeType" V="0" /><ns0:Cell N="DrawingScaleType" V="0" /><ns0:Trigger N="RecalcColor"><ns0:RefBy T="Page" ID="0" /></ns0:Trigger><ns0:Cell N="InhibitSnap" V="0" /><ns0:Cell N="PageLockReplace" V="0" U="BOOL" /><ns0:Cell N="PageLockDuplicate" V="0" U="BOOL" /><ns0:Cell N="UIVisibility" V="0" /><ns0:Cell N="ShdwType" V="0" /><ns0:Cell N="ShdwObliqueAngle" V="0" /><ns0:Cell N="ShdwScaleFactor" V="1" /><ns0:Cell N="DrawingResizeType" V="1" /><ns0:Trigger N="ZOrderChanged"><ns0:RefBy T="Page" ID="0" /></ns0:Trigger><ns0:Cell N="PageShapeSplit" V="1" /><ns0:Cell N="ColorSchemeIndex" V="59" /><ns0:Cell N="EffectSchemeIndex" V="59" /><ns0:Cell N="ConnectorSchemeIndex" V="59" /><ns0:Cell N="FontSchemeIndex" V="59" /><ns0:Cell N="ThemeIndex" V="59" /><ns0:Cell N="PrintPageOrientation" V="2" /><ns0:Section N="User"><ns0:Row N="msvThemeOrder"><ns0:Cell N="Value" V="0" /><ns0:Cell N="Prompt" V="" F="No Formula" /></ns0:Row></ns0:Section><ns0:Section N="Layer"><ns0:Row IX="0"><ns0:Cell N="Name" V="Flowchart" /><ns0:Cell N="Color" V="255" /><ns0:Cell N="Status" V="0" /><ns0:Cell N="Visible" V="1" /><ns0:Cell N="Print" V="1" /><ns0:Cell N="Active" V="0" /><ns0:Cell N="Lock" V="0" /><ns0:Cell N="Snap" V="1" /><ns0:Cell N="Glue" V="1" /><ns0:Cell N="NameUniv" V="Flowchart" /><ns0:Cell N="ColorTrans" V="0" /></ns0:Row><ns0:Row IX="1"><ns0:Cell N="Name" V="Connector" /><ns0:Cell N="Color" V="255" /><ns0:Cell N="Status" V="0" /><ns0:Cell N="Visible" V="1" /><ns0:Cell N="Print" V="1" /><ns0:Cell N="Active" V="0" /><ns0:Cell N="Lock" V="0" /><ns0:Cell N="Snap" V="1" /><ns0:Cell N="Glue" V="1" /><ns0:Cell N="NameUniv" V="Connector" /><ns0:Cell N="ColorTrans" V="0" /></ns0:Row></ns0:Section></ns0:PageSheet><ns0:Rel r:id="rId1" /></ns0:Page></ns0:Pages>