<?xml version='1.0' encoding='UTF-8'?>
<ns0:MasterContents xmlns:ns0="http://schemas.microsoft.com/office/visio/2012/main" xml:space="preserve"><ns0:Shapes><ns0:Shape ID="4" Type="Shape" LineStyle="7" FillStyle="7" TextStyle="7" UniqueID="{52A11EA5-F639-4EC9-BFFD-8D528CEA5BAC}"><ns0:Cell N="PinX" V="2" U="IN" /><ns0:Cell N="PinY" V="2" U="IN" /><ns0:Cell N="Width" V="1" U="IN" F="User.DefaultWidth" /><ns0:Cell N="Height" V="0.75" U="IN" F="User.ResizeTxtHeight" /><ns0:Cell N="LocPinX" V="0.5" U="IN" F="Width*0.5" /><ns0:Cell N="LocPinY" V="0.375" U="IN" F="Height*0.5" /><ns0:Cell N="Angle" V="0" /><ns0:Cell N="FlipX" V="0" /><ns0:Cell N="FlipY" V="0" /><ns0:Cell N="ResizeMode" V="0" /><ns0:Cell N="TxtPinX" V="0.5" U="IN" F="Width*0.5" /><ns0:Cell N="TxtPinY" V="0.375" U="IN" F="Height*0.5" /><ns0:Cell N="TxtWidth" V="0.83333333333333" U="IN" F="Width*0.83333333333333" /><ns0:Cell N="TxtHeight" V="0.5625" U="IN" F="Height*0.75" /><ns0:Cell N="TxtLocPinX" V="0.416666666666665" U="IN" F="TxtWidth*0.5" /><ns0:Cell N="TxtLocPinY" V="0.28125" U="IN" F="TxtHeight*0.5" /><ns0:Cell N="TxtAngle" V="0" /><ns0:Cell N="EventDblClick" V="0" F="OPENTEXTWIN()" /><ns0:Cell N="HelpTopic" V="Vis_PRXY.chm!#59001" /><ns0:Cell N="Copyright" V="Copyright (c) 2012 Microsoft Corporation.  All rights reserved." /><ns0:Cell N="LockCalcWH" V="1" /><ns0:Cell N="LayerMember" V="0" /><ns0:Cell N="ObjType" V="1" /><ns0:Cell N="ShapeSplit" V="1" /><ns0:Cell N="QuickStyleLineColor" V="102" /><ns0:Cell N="QuickStyleFillColor" V="102" /><ns0:Cell N="QuickStyleShadowColor" V="102" /><ns0:Cell N="QuickStyleFontColor" V="102" /><ns0:Cell N="QuickStyleLineMatrix" V="102" /><ns0:Cell N="QuickStyleFillMatrix" V="102" /><ns0:Cell N="QuickStyleEffectsMatrix" V="102" /><ns0:Cell N="QuickStyleFontMatrix" V="102" /><ns0:Section N="Connection"><ns0:Row T="Connection" IX="0"><ns0:Cell N="X" V="0" /><ns0:Cell N="Y" V="0.375" U="IN" F="Height*0.5" /><ns0:Cell N="DirX" V="0" F="No Formula" /><ns0:Cell N="DirY" V="0" F="No Formula" /><ns0:Cell N="Type" V="0" F="No Formula" /><ns0:Cell N="AutoGen" V="0" F="No Formula" /><ns0:Cell N="Prompt" V="" F="No Formula" /></ns0:Row><ns0:Row T="Connection" IX="1"><ns0:Cell N="X" V="1" U="IN" F="Width" /><ns0:Cell N="Y" V="0.375" U="IN" F="0.5*Height" /><ns0:Cell N="DirX" V="0" F="No Formula" /><ns0:Cell N="DirY" V="0" F="No Formula" /><ns0:Cell N="Type" V="0" F="No Formula" /><ns0:Cell N="AutoGen" V="0" F="No Formula" /><ns0:Cell N="Prompt" V="" F="No Formula" /></ns0:Row><ns0:Row T="Connection" IX="2"><ns0:Cell N="X" V="0.5" U="IN" F="0.5*Width" /><ns0:Cell N="Y" V="0.75" U="IN" F="Height" /><ns0:Cell N="DirX" V="0" F="No Formula" /><ns0:Cell N="DirY" V="0" F="No Formula" /><ns0:Cell N="Type" V="0" F="No Formula" /><ns0:Cell N="AutoGen" V="0" F="No Formula" /><ns0:Cell N="Prompt" V="" F="No Formula" /></ns0:Row><ns0:Row T="Connection" IX="3"><ns0:Cell N="X" V="0.5" U="IN" F="0.5*Width" /><ns0:Cell N="Y" V="0" /><ns0:Cell N="DirX" V="0" F="No Formula" /><ns0:Cell N="DirY" V="0" F="No Formula" /><ns0:Cell N="Type" V="0" F="No Formula" /><ns0:Cell N="AutoGen" V="0" F="No Formula" /><ns0:Cell N="Prompt" V="" F="No Formula" /></ns0:Row></ns0:Section><ns0:Section N="Property"><ns0:Row N="Cost"><ns0:Cell N="Value" V="0" F="No Formula" /><ns0:Cell N="Prompt" V="" /><ns0:Cell N="Label" V="Cost" /><ns0:Cell N="Format" V="@" /><ns0:Cell N="SortKey" V="" /><ns0:Cell N="Type" V="7" /><ns0:Cell N="Invisible" V="0" /><ns0:Cell N="Verify" V="0" /><ns0:Cell N="DataLinked" V="0" F="No Formula" /><ns0:Cell N="LangID" V="en-US" /><ns0:Cell N="Calendar" V="0" /></ns0:Row><ns0:Row N="ProcessNumber"><ns0:Cell N="Value" V="0" F="No Formula" /><ns0:Cell N="Prompt" V="" /><ns0:Cell N="Label" V="Process Number" /><ns0:Cell N="Format" V="" /><ns0:Cell N="SortKey" V="" /><ns0:Cell N="Type" V="2" /><ns0:Cell N="Invisible" V="0" /><ns0:Cell N="Verify" V="0" /><ns0:Cell N="DataLinked" V="0" F="No Formula" /><ns0:Cell N="LangID" V="en-US" /><ns0:Cell N="Calendar" V="0" /></ns0:Row><ns0:Row N="Owner"><ns0:Cell N="Value" V="0" F="No Formula" /><ns0:Cell N="Prompt" V="" /><ns0:Cell N="Label" V="Owner" /><ns0:Cell N="Format" V="" /><ns0:Cell N="SortKey" V="" /><ns0:Cell N="Type" V="0" /><ns0:Cell N="Invisible" V="0" /><ns0:Cell N="Verify" V="0" /><ns0:Cell N="DataLinked" V="0" F="No Formula" /><ns0:Cell N="LangID" V="en-US" /><ns0:Cell N="Calendar" V="0" /></ns0:Row><ns0:Row N="Function"><ns0:Cell N="Value" V="" U="STR" F="IFERROR(CONTAINERSHEETREF(1,&quot;Swimlane&quot;)!User.VISHEADINGTEXT,&quot;&quot;)" /><ns0:Cell N="Prompt" V="" /><ns0:Cell N="Label" V="Function" /><ns0:Cell N="Format" V="" /><ns0:Cell N="SortKey" V="" /><ns0:Cell N="Type" V="0" /><ns0:Cell N="Invisible" V="0" /><ns0:Cell N="Verify" V="0" /><ns0:Cell N="DataLinked" V="0" F="No Formula" /><ns0:Cell N="LangID" V="en-US" /><ns0:Cell N="Calendar" V="0" /></ns0:Row><ns0:Row N="StartDate"><ns0:Cell N="Value" V="0" F="No Formula" /><ns0:Cell N="Prompt" V="" /><ns0:Cell N="Label" V="Start Date" /><ns0:Cell N="Format" V="" /><ns0:Cell N="SortKey" V="" /><ns0:Cell N="Type" V="5" /><ns0:Cell N="Invisible" V="0" /><ns0:Cell N="Verify" V="0" /><ns0:Cell N="DataLinked" V="0" F="No Formula" /><ns0:Cell N="LangID" V="en-US" /><ns0:Cell N="Calendar" V="0" /></ns0:Row><ns0:Row N="EndDate"><ns0:Cell N="Value" V="0" F="No Formula" /><ns0:Cell N="Prompt" V="" /><ns0:Cell N="Label" V="End Date" /><ns0:Cell N="Format" V="" /><ns0:Cell N="SortKey" V="" /><ns0:Cell N="Type" V="5" /><ns0:Cell N="Invisible" V="0" /><ns0:Cell N="Verify" V="0" /><ns0:Cell N="DataLinked" V="0" F="No Formula" /><ns0:Cell N="LangID" V="en-US" /><ns0:Cell N="Calendar" V="0" /></ns0:Row><ns0:Row N="Status"><ns0:Cell N="Value" V="" U="STR" F="INDEX(0,Prop.Status.Format)" /><ns0:Cell N="Prompt" V="" /><ns0:Cell N="Label" V="Status" /><ns0:Cell N="Format" V=";Not Started;In Progress;Completed;Deferred;Waiting on Input" /><ns0:Cell N="SortKey" V="" /><ns0:Cell N="Type" V="4" /><ns0:Cell N="Invisible" V="0" /><ns0:Cell N="Verify" V="0" /><ns0:Cell N="DataLinked" V="0" F="No Formula" /><ns0:Cell N="LangID" V="en-US" /><ns0:Cell N="Calendar" V="0" /></ns0:Row></ns0:Section><ns0:Section N="Actions"><ns0:Row N="Row_1"><ns0:Cell N="Menu" V="%P&amp;roperties" /><ns0:Cell N="Action" V="0" F="RUNADDON(&quot;NETWORK SHAPE PROPERTIES&quot;)" /><ns0:Cell N="Checked" V="0" F="No Formula" /><ns0:Cell N="Disabled" V="0" F="No Formula" /><ns0:Cell N="ReadOnly" V="0" F="No Formula" /><ns0:Cell N="Invisible" V="0" F="No Formula" /><ns0:Cell N="BeginGroup" V="0" F="No Formula" /><ns0:Cell N="FlyoutChild" V="0" F="No Formula" /><ns0:Cell N="TagName" V="" F="No Formula" /><ns0:Cell N="ButtonFace" V="" F="No Formula" /><ns0:Cell N="SortKey" V="" F="No Formula" /></ns0:Row><ns0:Row N="SetDefaultSize"><ns0:Cell N="Menu" V="Set to Default Si&amp;ze" /><ns0:Cell N="Action" V="0" F="SETF(GetRef(Width),User.DefaultWidth)+SETF(GetRef(Height),User.DefaultHeight)" /><ns0:Cell N="Checked" V="0" /><ns0:Cell N="Disabled" V="0" /><ns0:Cell N="ReadOnly" V="0" /><ns0:Cell N="Invisible" V="1" F="AND(Height=User.DefaultHeight,Width=User.DefaultWidth)" /><ns0:Cell N="BeginGroup" V="0" /><ns0:Cell N="FlyoutChild" V="0" /><ns0:Cell N="TagName" V="" /><ns0:Cell N="ButtonFace" V="" /><ns0:Cell N="SortKey" V="" /></ns0:Row><ns0:Row N="ResizeWithText"><ns0:Cell N="Menu" V="Resize with Te&amp;xt" /><ns0:Cell N="Action" V="0" F="SETF(GetRef(Height),&quot;User.ResizeTxtHeight&quot;)" /><ns0:Cell N="Checked" V="0" /><ns0:Cell N="Disabled" V="0" /><ns0:Cell N="ReadOnly" V="0" /><ns0:Cell N="Invisible" V="1" F="IF(Height=User.ResizeTxtHeight,TRUE,FALSE)" /><ns0:Cell N="BeginGroup" V="0" /><ns0:Cell N="FlyoutChild" V="0" /><ns0:Cell N="TagName" V="" /><ns0:Cell N="ButtonFace" V="" /><ns0:Cell N="SortKey" V="" /></ns0:Row></ns0:Section><ns0:Section N="User"><ns0:Row N="visVersion"><ns0:Cell N="Value" V="15" /><ns0:Cell N="Prompt" V="" /></ns0:Row><ns0:Row N="DefaultWidth"><ns0:Cell N="Value" V="1" U="IN" F="1IN*DropOnPageScale" /><ns0:Cell N="Prompt" V="" /></ns0:Row><ns0:Row N="DefaultHeight"><ns0:Cell N="Value" V="0.75" U="IN" F="0.75IN*DropOnPageScale" /><ns0:Cell N="Prompt" V="" /></ns0:Row><ns0:Row N="ResizeTxtHeight"><ns0:Cell N="Value" V="0.75" U="IN" F="MAX(User.DefaultHeight,CEILING(TEXTHEIGHT(TheText,TxtWidth)/0.75,0.25))" /><ns0:Cell N="Prompt" V="" /></ns0:Row></ns0:Section><ns0:Section N="Geometry" IX="0"><ns0:Cell N="NoFill" V="0" /><ns0:Cell N="NoLine" V="0" F="No Formula" /><ns0:Cell N="NoShow" V="0" F="No Formula" /><ns0:Cell N="NoSnap" V="0" F="No Formula" /><ns0:Cell N="NoQuickDrag" V="0" F="No Formula" /><ns0:Row T="MoveTo" IX="1"><ns0:Cell N="X" V="0" U="IN" F="Width*0" /><ns0:Cell N="Y" V="0.375" U="IN" F="Height*0.5" /></ns0:Row><ns0:Row T="LineTo" IX="2"><ns0:Cell N="X" V="0.5" U="IN" F="Width*0.5" /><ns0:Cell N="Y" V="0.75" U="IN" F="Height*1" /></ns0:Row><ns0:Row T="LineTo" IX="3"><ns0:Cell N="X" V="1" U="IN" F="Width*1" /><ns0:Cell N="Y" V="0.375" U="IN" F="Height*0.5" /></ns0:Row><ns0:Row T="LineTo" IX="4"><ns0:Cell N="X" V="0.5" U="IN" F="Width*0.5" /><ns0:Cell N="Y" V="0" U="IN" F="Height*0" /></ns0:Row><ns0:Row T="LineTo" IX="5"><ns0:Cell N="X" V="0" U="IN" F="Geometry1.X1" /><ns0:Cell N="Y" V="0.375" U="IN" F="Geometry1.Y1" /></ns0:Row></ns0:Section><ns0:Text /></ns0:Shape></ns0:Shapes></ns0:MasterContents>