<?xml version='1.0' encoding='UTF-8'?>
<ns0:MasterContents xmlns:ns0="http://schemas.microsoft.com/office/visio/2012/main" xml:space="preserve"><ns0:Shapes><ns0:Shape ID="5" OriginalID="0" Type="Shape" LineStyle="10" FillStyle="10" TextStyle="10"><ns0:Cell N="PinX" V="1.5" F="GUARD((BeginX+EndX)/2)" /><ns0:Cell N="PinY" V="1.5" F="GUARD((BeginY+EndY)/2)" /><ns0:Cell N="Width" V="1" F="GUARD(EndX-BeginX)" /><ns0:Cell N="Height" V="-1" F="GUARD(EndY-BeginY)" /><ns0:Cell N="LocPinX" V="0.5" F="GUARD(Width*0.5)" /><ns0:Cell N="LocPinY" V="-0.5" F="GUARD(Height*0.5)" /><ns0:Cell N="Angle" V="0" F="GUARD(0DA)" /><ns0:Cell N="FlipX" V="0" F="GUARD(FALSE)" /><ns0:Cell N="FlipY" V="0" F="GUARD(FALSE)" /><ns0:Cell N="ResizeMode" V="0" /><ns0:Cell N="BeginX" V="1" /><ns0:Cell N="BeginY" V="2" /><ns0:Cell N="EndX" V="2" /><ns0:Cell N="EndY" V="1" /><ns0:Cell N="TxtPinX" V="0" F="SETATREF(Controls.TextPosition)" /><ns0:Cell N="TxtPinY" V="-1" F="SETATREF(Controls.TextPosition.Y)" /><ns0:Cell N="TxtWidth" V="0.5555555555555556" F="MAX(TEXTWIDTH(TheText),5*Char.Size)" /><ns0:Cell N="TxtHeight" V="0.2444444444444444" F="TEXTHEIGHT(TheText,TxtWidth)" /><ns0:Cell N="TxtLocPinX" V="0.2777777777777778" F="TxtWidth*0.5" /><ns0:Cell N="TxtLocPinY" V="0.1222222222222222" F="TxtHeight*0.5" /><ns0:Cell N="TxtAngle" V="0" /><ns0:Cell N="LockHeight" V="1" /><ns0:Cell N="LockCalcWH" V="1" /><ns0:Cell N="HelpTopic" V="Vis_SE.chm!#20000" /><ns0:Cell N="Copyright" V="Copyright 2001 Microsoft Corporation.  All rights reserved." /><ns0:Cell N="NoAlignBox" V="1" /><ns0:Cell N="DynFeedback" V="2" /><ns0:Cell N="GlueType" V="2" /><ns0:Cell N="ObjType" V="2" /><ns0:Cell N="NoLiveDynamics" V="1" /><ns0:Cell N="ShapeSplittable" V="1" /><ns0:Cell N="LayerMember" V="0" /><ns0:Section N="Control"><ns0:Row N="TextPosition"><ns0:Cell N="X" V="0" /><ns0:Cell N="Y" V="-1" /><ns0:Cell N="XDyn" V="0" F="Controls.TextPosition" /><ns0:Cell N="YDyn" V="-1" F="Controls.TextPosition.Y" /><ns0:Cell N="XCon" V="5" F="IF(OR(STRSAME(SHAPETEXT(TheText),&quot;&quot;),HideText),5,0)" /><ns0:Cell N="YCon" V="0" /><ns0:Cell N="CanGlue" V="0" /><ns0:Cell N="Prompt" V="Reposition Text" /></ns0:Row></ns0:Section><ns0:Section N="Geometry" IX="0"><ns0:Cell N="NoFill" V="1" /><ns0:Cell N="NoLine" V="0" /><ns0:Cell N="NoShow" V="0" /><ns0:Cell N="NoSnap" V="0" /><ns0:Cell N="NoQuickDrag" V="0" /><ns0:Row T="MoveTo" IX="1"><ns0:Cell N="X" V="0" /><ns0:Cell N="Y" V="0" /></ns0:Row><ns0:Row T="LineTo" IX="2"><ns0:Cell N="X" V="0" /><ns0:Cell N="Y" V="-1" /></ns0:Row><ns0:Row T="LineTo" IX="3"><ns0:Cell N="X" V="1" /><ns0:Cell N="Y" V="-1" /></ns0:Row></ns0:Section></ns0:Shape></ns0:Shapes></ns0:MasterContents>