<?xml version='1.0' encoding='UTF-8'?>
<ns0:VisioDocument xmlns:ns0="http://schemas.microsoft.com/office/visio/2012/main" xml:space="preserve"><ns0:DocumentSettings TopPage="0" DefaultTextStyle="3" DefaultLineStyle="3" DefaultFillStyle="3" DefaultGuideStyle="4"><ns0:GlueSettings>9</ns0:GlueSettings><ns0:SnapSettings>65847</ns0:SnapSettings><ns0:SnapExtensions>34</ns0:SnapExtensions><ns0:SnapAngles /><ns0:DynamicGridEnabled>1</ns0:DynamicGridEnabled><ns0:ProtectStyles>0</ns0:ProtectStyles><ns0:ProtectShapes>0</ns0:ProtectShapes><ns0:ProtectMasters>0</ns0:ProtectMasters><ns0:ProtectBkgnds>0</ns0:ProtectBkgnds></ns0:DocumentSettings><ns0:Colors><ns0:ColorEntry IX="24" RGB="#7F7F7F" /><ns0:ColorEntry IX="25" RGB="#000000" /><ns0:ColorEntry IX="26" RGB="#31528F" /><ns0:ColorEntry IX="27" RGB="#4D4D4D" /><ns0:ColorEntry IX="28" RGB="#FEFFFF" /><ns0:ColorEntry IX="29" RGB="#3D64AC" /><ns0:ColorEntry IX="30" RGB="#4672C4" /><ns0:ColorEntry IX="31" RGB="#C8C8C8" /><ns0:ColorEntry IX="32" RGB="#FFFFFF" /><ns0:ColorEntry IX="33" RGB="#4365A4" /></ns0:Colors><ns0:FaceNames><ns0:FaceName NameU="Calibri" UnicodeRanges="-469750017 -1040178053 9 0" CharSets="536871423 0" Panose="2 15 5 2 2 2 4 3 2 4" Flags="357" /><ns0:FaceName NameU="Times New Roman" UnicodeRanges="-536858881 -1073711013 9 0" CharSets="1073742335 -65536" Panose="2 2 6 3 5 4 5 2 3 4" Flags="325" /></ns0:FaceNames><ns0:StyleSheets><ns0:StyleSheet ID="0" NameU="No Style" IsCustomNameU="1" Name="No Style" IsCustomName="1"><ns0:Cell N="EnableLineProps" V="1" /><ns0:Cell N="EnableFillProps" V="1" /><ns0:Cell N="EnableTextProps" V="1" /><ns0:Cell N="HideForApply" V="0" /><ns0:Cell N="LineWeight" V="0.01041666666666667" /><ns0:Cell N="LineColor" V="0" /><ns0:Cell N="LinePattern" V="1" /><ns0:Cell N="Rounding" V="0" /><ns0:Cell N="EndArrowSize" V="2" /><ns0:Cell N="BeginArrow" V="0" /><ns0:Cell N="EndArrow" V="0" /><ns0:Cell N="LineCap" V="0" /><ns0:Cell N="BeginArrowSize" V="2" /><ns0:Cell N="LineColorTrans" V="0" /><ns0:Cell N="CompoundType" V="0" /><ns0:Cell N="FillForegnd" V="1" /><ns0:Cell N="FillBkgnd" V="0" /><ns0:Cell N="FillPattern" V="1" /><ns0:Cell N="ShdwForegnd" V="0" /><ns0:Cell N="ShdwPattern" V="0" /><ns0:Cell N="FillForegndTrans" V="0" /><ns0:Cell N="FillBkgndTrans" V="0" /><ns0:Cell N="ShdwForegndTrans" V="0" /><ns0:Cell N="ShapeShdwType" V="0" /><ns0:Cell N="ShapeShdwOffsetX" V="0" /><ns0:Cell N="ShapeShdwOffsetY" V="0" /><ns0:Cell N="ShapeShdwObliqueAngle" V="0" /><ns0:Cell N="ShapeShdwScaleFactor" V="1" /><ns0:Cell N="ShapeShdwBlur" V="0" /><ns0:Cell N="ShapeShdwShow" V="0" /><ns0:Cell N="LeftMargin" V="0" /><ns0:Cell N="RightMargin" V="0" /><ns0:Cell N="TopMargin" V="0" /><ns0:Cell N="BottomMargin" V="0" /><ns0:Cell N="VerticalAlign" V="1" /><ns0:Cell N="TextBkgnd" V="0" /><ns0:Cell N="DefaultTabStop" V="0.5" /><ns0:Cell N="TextDirection" V="0" /><ns0:Cell N="TextBkgndTrans" V="0" /><ns0:Cell N="LockWidth" V="0" /><ns0:Cell N="LockHeight" V="0" /><ns0:Cell N="LockMoveX" V="0" /><ns0:Cell N="LockMoveY" V="0" /><ns0:Cell N="LockAspect" V="0" /><ns0:Cell N="LockDelete" V="0" /><ns0:Cell N="LockBegin" V="0" /><ns0:Cell N="LockEnd" V="0" /><ns0:Cell N="LockRotate" V="0" /><ns0:Cell N="LockCrop" V="0" /><ns0:Cell N="LockVtxEdit" V="0" /><ns0:Cell N="LockTextEdit" V="0" /><ns0:Cell N="LockFormat" V="0" /><ns0:Cell N="LockGroup" V="0" /><ns0:Cell N="LockCalcWH" V="0" /><ns0:Cell N="LockSelect" V="0" /><ns0:Cell N="LockCustProp" V="0" /><ns0:Cell N="LockFromGroupFormat" V="0" /><ns0:Cell N="LockThemeColors" V="0" /><ns0:Cell N="LockThemeEffects" V="0" /><ns0:Cell N="LockThemeConnectors" V="0" /><ns0:Cell N="LockThemeFonts" V="0" /><ns0:Cell N="LockThemeIndex" V="0" /><ns0:Cell N="LockReplace" V="0" /><ns0:Cell N="LockVariation" V="0" /><ns0:Cell N="NoObjHandles" V="0" /><ns0:Cell N="NonPrinting" V="0" /><ns0:Cell N="NoCtlHandles" V="0" /><ns0:Cell N="NoAlignBox" V="0" /><ns0:Cell N="UpdateAlignBox" V="0" /><ns0:Cell N="HideText" V="0" /><ns0:Cell N="DynFeedback" V="0" /><ns0:Cell N="GlueType" V="0" /><ns0:Cell N="WalkPreference" V="0" /><ns0:Cell N="BegTrigger" V="0" F="No Formula" /><ns0:Cell N="EndTrigger" V="0" F="No Formula" /><ns0:Cell N="ObjType" V="0" /><ns0:Cell N="Comment" V="" /><ns0:Cell N="IsDropSource" V="0" /><ns0:Cell N="NoLiveDynamics" V="0" /><ns0:Cell N="LocalizeMerge" V="0" /><ns0:Cell N="NoProofing" V="0" /><ns0:Cell N="Calendar" V="0" /><ns0:Cell N="LangID" V="en-US" /><ns0:Cell N="ShapeKeywords" V="" /><ns0:Cell N="DropOnPageScale" V="1" /><ns0:Cell N="TheData" V="0" F="No Formula" /><ns0:Cell N="TheText" V="0" F="No Formula" /><ns0:Cell N="EventDblClick" V="0" F="No Formula" /><ns0:Cell N="EventXFMod" V="0" F="No Formula" /><ns0:Cell N="EventDrop" V="0" F="No Formula" /><ns0:Cell N="EventMultiDrop" V="0" F="No Formula" /><ns0:Cell N="HelpTopic" V="" /><ns0:Cell N="Copyright" V="" /><ns0:Cell N="LayerMember" V="" /><ns0:Cell N="XRulerDensity" V="32" /><ns0:Cell N="YRulerDensity" V="32" /><ns0:Cell N="XRulerOrigin" V="0" /><ns0:Cell N="YRulerOrigin" V="0" /><ns0:Cell N="XGridDensity" V="8" /><ns0:Cell N="YGridDensity" V="8" /><ns0:Cell N="XGridSpacing" V="0" /><ns0:Cell N="YGridSpacing" V="0" /><ns0:Cell N="XGridOrigin" V="0" /><ns0:Cell N="YGridOrigin" V="0" /><ns0:Cell N="Gamma" V="1" /><ns0:Cell N="Contrast" V="0.5" /><ns0:Cell N="Brightness" V="0.5" /><ns0:Cell N="Sharpen" V="0" /><ns0:Cell N="Blur" V="0" /><ns0:Cell N="Denoise" V="0" /><ns0:Cell N="Transparency" V="0" /><ns0:Cell N="SelectMode" V="1" /><ns0:Cell N="DisplayMode" V="2" /><ns0:Cell N="IsDropTarget" V="0" /><ns0:Cell N="IsSnapTarget" V="1" /><ns0:Cell N="IsTextEditTarget" V="1" /><ns0:Cell N="DontMoveChildren" V="0" /><ns0:Cell N="ShapePermeableX" V="0" /><ns0:Cell N="ShapePermeableY" V="0" /><ns0:Cell N="ShapePermeablePlace" V="0" /><ns0:Cell N="Relationships" V="0" /><ns0:Cell N="ShapeFixedCode" V="0" /><ns0:Cell N="ShapePlowCode" V="0" /><ns0:Cell N="ShapeRouteStyle" V="0" /><ns0:Cell N="ShapePlaceStyle" V="0" /><ns0:Cell N="ConFixedCode" V="0" /><ns0:Cell N="ConLineJumpCode" V="0" /><ns0:Cell N="ConLineJumpStyle" V="0" /><ns0:Cell N="ConLineJumpDirX" V="0" /><ns0:Cell N="ConLineJumpDirY" V="0" /><ns0:Cell N="ShapePlaceFlip" V="0" /><ns0:Cell N="ConLineRouteExt" V="0" /><ns0:Cell N="ShapeSplit" V="0" /><ns0:Cell N="ShapeSplittable" V="0" /><ns0:Cell N="DisplayLevel" V="0" /><ns0:Cell N="ResizePage" V="0" /><ns0:Cell N="EnableGrid" V="0" /><ns0:Cell N="DynamicsOff" V="0" /><ns0:Cell N="CtrlAsInput" V="0" /><ns0:Cell N="AvoidPageBreaks" V="0" /><ns0:Cell N="PlaceStyle" V="0" /><ns0:Cell N="RouteStyle" V="0" /><ns0:Cell N="PlaceDepth" V="0" /><ns0:Cell N="PlowCode" V="0" /><ns0:Cell N="LineJumpCode" V="1" /><ns0:Cell N="LineJumpStyle" V="0" /><ns0:Cell N="PageLineJumpDirX" V="0" /><ns0:Cell N="PageLineJumpDirY" V="0" /><ns0:Cell N="LineToNodeX" V="0.125" /><ns0:Cell N="LineToNodeY" V="0.125" /><ns0:Cell N="BlockSizeX" V="0.25" /><ns0:Cell N="BlockSizeY" V="0.25" /><ns0:Cell N="AvenueSizeX" V="0.375" /><ns0:Cell N="AvenueSizeY" V="0.375" /><ns0:Cell N="LineToLineX" V="0.125" /><ns0:Cell N="LineToLineY" V="0.125" /><ns0:Cell N="LineJumpFactorX" V="0.66666666666667" /><ns0:Cell N="LineJumpFactorY" V="0.66666666666667" /><ns0:Cell N="LineAdjustFrom" V="0" /><ns0:Cell N="LineAdjustTo" V="0" /><ns0:Cell N="PlaceFlip" V="0" /><ns0:Cell N="LineRouteExt" V="0" /><ns0:Cell N="PageShapeSplit" V="0" /><ns0:Cell N="PageLeftMargin" V="0.25" /><ns0:Cell N="PageRightMargin" V="0.25" /><ns0:Cell N="PageTopMargin" V="0.25" /><ns0:Cell N="PageBottomMargin" V="0.25" /><ns0:Cell N="ScaleX" V="1" /><ns0:Cell N="ScaleY" V="1" /><ns0:Cell N="PagesX" V="1" /><ns0:Cell N="PagesY" V="1" /><ns0:Cell N="CenterX" V="0" /><ns0:Cell N="CenterY" V="0" /><ns0:Cell N="OnPage" V="0" /><ns0:Cell N="PrintGrid" V="0" /><ns0:Cell N="PrintPageOrientation" V="1" /><ns0:Cell N="PaperKind" V="1" /><ns0:Cell N="PaperSource" V="7" /><ns0:Cell N="QuickStyleLineColor" V="100" /><ns0:Cell N="QuickStyleFillColor" V="100" /><ns0:Cell N="QuickStyleShadowColor" V="100" /><ns0:Cell N="QuickStyleFontColor" V="100" /><ns0:Cell N="QuickStyleLineMatrix" V="100" /><ns0:Cell N="QuickStyleFillMatrix" V="100" /><ns0:Cell N="QuickStyleEffectsMatrix" V="100" /><ns0:Cell N="QuickStyleFontMatrix" V="100" /><ns0:Cell N="QuickStyleType" V="0" /><ns0:Cell N="QuickStyleVariation" V="0" /><ns0:Cell N="LineGradientDir" V="0" /><ns0:Cell N="LineGradientAngle" V="1.5707963267949" /><ns0:Cell N="FillGradientDir" V="0" /><ns0:Cell N="FillGradientAngle" V="1.5707963267949" /><ns0:Cell N="LineGradientEnabled" V="0" /><ns0:Cell N="FillGradientEnabled" V="0" /><ns0:Cell N="RotateGradientWithShape" V="1" /><ns0:Cell N="UseGroupGradient" V="0" /><ns0:Cell N="BevelTopType" V="0" /><ns0:Cell N="BevelTopWidth" V="0" /><ns0:Cell N="BevelTopHeight" V="0" /><ns0:Cell N="BevelBottomType" V="0" /><ns0:Cell N="BevelBottomWidth" V="0" /><ns0:Cell N="BevelBottomHeight" V="0" /><ns0:Cell N="BevelDepthColor" V="1" /><ns0:Cell N="BevelDepthSize" V="0" /><ns0:Cell N="BevelContourColor" V="0" /><ns0:Cell N="BevelContourSize" V="0" /><ns0:Cell N="BevelMaterialType" V="0" /><ns0:Cell N="BevelLightingType" V="0" /><ns0:Cell N="BevelLightingAngle" V="0" /><ns0:Cell N="RotationXAngle" V="0" /><ns0:Cell N="RotationYAngle" V="0" /><ns0:Cell N="RotationZAngle" V="0" /><ns0:Cell N="RotationType" V="0" /><ns0:Cell N="Perspective" V="0" /><ns0:Cell N="DistanceFromGround" V="0" /><ns0:Cell N="KeepTextFlat" V="0" /><ns0:Cell N="ReflectionTrans" V="0" /><ns0:Cell N="ReflectionSize" V="0" /><ns0:Cell N="ReflectionDist" V="0" /><ns0:Cell N="ReflectionBlur" V="0" /><ns0:Cell N="GlowColor" V="1" /><ns0:Cell N="GlowColorTrans" V="0" /><ns0:Cell N="GlowSize" V="0" /><ns0:Cell N="SoftEdgesSize" V="0" /><ns0:Cell N="SketchSeed" V="0" /><ns0:Cell N="SketchEnabled" V="0" /><ns0:Cell N="SketchAmount" V="5" /><ns0:Cell N="SketchLineWeight" V="0.04166666666666666" U="PT" /><ns0:Cell N="SketchLineChange" V="0.14" /><ns0:Cell N="SketchFillChange" V="0.1" /><ns0:Cell N="ColorSchemeIndex" V="0" /><ns0:Cell N="EffectSchemeIndex" V="0" /><ns0:Cell N="ConnectorSchemeIndex" V="0" /><ns0:Cell N="FontSchemeIndex" V="0" /><ns0:Cell N="ThemeIndex" V="0" /><ns0:Cell N="VariationColorIndex" V="0" /><ns0:Cell N="VariationStyleIndex" V="0" /><ns0:Cell N="EmbellishmentIndex" V="0" /><ns0:Cell N="ReplaceLockShapeData" V="0" /><ns0:Cell N="ReplaceLockText" V="0" /><ns0:Cell N="ReplaceLockFormat" V="0" /><ns0:Cell N="ReplaceCopyCells" V="0" U="BOOL" F="No Formula" /><ns0:Cell N="PageWidth" V="0" F="No Formula" /><ns0:Cell N="PageHeight" V="0" F="No Formula" /><ns0:Cell N="ShdwOffsetX" V="0" F="No Formula" /><ns0:Cell N="ShdwOffsetY" V="0" F="No Formula" /><ns0:Cell N="PageScale" V="0" U="IN_F" F="No Formula" /><ns0:Cell N="DrawingScale" V="0" U="IN_F" F="No Formula" /><ns0:Cell N="DrawingSizeType" V="0" F="No Formula" /><ns0:Cell N="DrawingScaleType" V="0" F="No Formula" /><ns0:Cell N="InhibitSnap" V="0" F="No Formula" /><ns0:Cell N="PageLockReplace" V="0" U="BOOL" F="No Formula" /><ns0:Cell N="PageLockDuplicate" V="0" U="BOOL" F="No Formula" /><ns0:Cell N="UIVisibility" V="0" F="No Formula" /><ns0:Cell N="ShdwType" V="0" F="No Formula" /><ns0:Cell N="ShdwObliqueAngle" V="0" F="No Formula" /><ns0:Cell N="ShdwScaleFactor" V="0" F="No Formula" /><ns0:Cell N="DrawingResizeType" V="0" F="No Formula" /><ns0:Section N="Character"><ns0:Row IX="0"><ns0:Cell N="Font" V="Calibri" /><ns0:Cell N="Color" V="0" /><ns0:Cell N="Style" V="0" /><ns0:Cell N="Case" V="0" /><ns0:Cell N="Pos" V="0" /><ns0:Cell N="FontScale" V="1" /><ns0:Cell N="Size" V="0.1666666666666667" /><ns0:Cell N="DblUnderline" V="0" /><ns0:Cell N="Overline" V="0" /><ns0:Cell N="Strikethru" V="0" /><ns0:Cell N="DoubleStrikethrough" V="0" /><ns0:Cell N="Letterspace" V="0" /><ns0:Cell N="ColorTrans" V="0" /><ns0:Cell N="AsianFont" V="0" /><ns0:Cell N="ComplexScriptFont" V="0" /><ns0:Cell N="ComplexScriptSize" V="-1" /><ns0:Cell N="LangID" V="en-US" /></ns0:Row></ns0:Section><ns0:Section N="Paragraph"><ns0:Row IX="0"><ns0:Cell N="IndFirst" V="0" /><ns0:Cell N="IndLeft" V="0" /><ns0:Cell N="IndRight" V="0" /><ns0:Cell N="SpLine" V="-1.2" /><ns0:Cell N="SpBefore" V="0" /><ns0:Cell N="SpAfter" V="0" /><ns0:Cell N="HorzAlign" V="1" /><ns0:Cell N="Bullet" V="0" /><ns0:Cell N="BulletStr" V="" /><ns0:Cell N="BulletFont" V="0" /><ns0:Cell N="BulletFontSize" V="-1" /><ns0:Cell N="TextPosAfterBullet" V="0" /><ns0:Cell N="Flags" V="0" /></ns0:Row></ns0:Section><ns0:Section N="Tabs"><ns0:Row IX="0" /></ns0:Section><ns0:Section N="LineGradient"><ns0:Row IX="0"><ns0:Cell N="GradientStopColor" V="1" /><ns0:Cell N="GradientStopColorTrans" V="0" /><ns0:Cell N="GradientStopPosition" V="0" /></ns0:Row></ns0:Section><ns0:Section N="FillGradient"><ns0:Row IX="0"><ns0:Cell N="GradientStopColor" V="1" /><ns0:Cell N="GradientStopColorTrans" V="0" /><ns0:Cell N="GradientStopPosition" V="0" /></ns0:Row></ns0:Section></ns0:StyleSheet><ns0:StyleSheet ID="1" NameU="Text Only" IsCustomNameU="1" Name="Text Only" IsCustomName="1" LineStyle="3" FillStyle="3" TextStyle="3"><ns0:Cell N="EnableLineProps" V="1" /><ns0:Cell N="EnableFillProps" V="1" /><ns0:Cell N="EnableTextProps" V="1" /><ns0:Cell N="HideForApply" V="0" /><ns0:Cell N="LineWeight" V="Themed" F="Inh" /><ns0:Cell N="LineColor" V="Themed" F="Inh" /><ns0:Cell N="LinePattern" V="Themed" F="Inh" /><ns0:Cell N="Rounding" V="Themed" F="Inh" /><ns0:Cell N="EndArrowSize" V="2" F="Inh" /><ns0:Cell N="BeginArrow" V="0" F="Inh" /><ns0:Cell N="EndArrow" V="0" F="Inh" /><ns0:Cell N="LineCap" V="Themed" F="Inh" /><ns0:Cell N="BeginArrowSize" V="2" F="Inh" /><ns0:Cell N="LineColorTrans" V="Themed" F="Inh" /><ns0:Cell N="CompoundType" V="Themed" F="Inh" /><ns0:Cell N="FillForegnd" V="Themed" F="Inh" /><ns0:Cell N="FillBkgnd" V="Themed" F="Inh" /><ns0:Cell N="FillPattern" V="Themed" F="Inh" /><ns0:Cell N="ShdwForegnd" V="Themed" F="Inh" /><ns0:Cell N="ShdwPattern" V="Themed" F="Inh" /><ns0:Cell N="FillForegndTrans" V="Themed" F="Inh" /><ns0:Cell N="FillBkgndTrans" V="Themed" F="Inh" /><ns0:Cell N="ShdwForegndTrans" V="Themed" F="Inh" /><ns0:Cell N="ShapeShdwType" V="Themed" F="Inh" /><ns0:Cell N="ShapeShdwOffsetX" V="Themed" F="Inh" /><ns0:Cell N="ShapeShdwOffsetY" V="Themed" F="Inh" /><ns0:Cell N="ShapeShdwObliqueAngle" V="Themed" F="Inh" /><ns0:Cell N="ShapeShdwScaleFactor" V="Themed" F="Inh" /><ns0:Cell N="ShapeShdwBlur" V="Themed" F="Inh" /><ns0:Cell N="ShapeShdwShow" V="0" F="Inh" /><ns0:Cell N="LeftMargin" V="0" /><ns0:Cell N="RightMargin" V="0" /><ns0:Cell N="TopMargin" V="0" /><ns0:Cell N="BottomMargin" V="0" /><ns0:Cell N="VerticalAlign" V="0" /><ns0:Cell N="TextBkgnd" V="0" /><ns0:Cell N="DefaultTabStop" V="0.5" F="Inh" /><ns0:Cell N="TextDirection" V="0" F="Inh" /><ns0:Cell N="TextBkgndTrans" V="0" F="Inh" /><ns0:Cell N="LineGradientDir" V="Themed" F="Inh" /><ns0:Cell N="LineGradientAngle" V="Themed" F="Inh" /><ns0:Cell N="FillGradientDir" V="Themed" F="Inh" /><ns0:Cell N="FillGradientAngle" V="Themed" F="Inh" /><ns0:Cell N="LineGradientEnabled" V="Themed" F="Inh" /><ns0:Cell N="FillGradientEnabled" V="Themed" F="Inh" /><ns0:Cell N="RotateGradientWithShape" V="Themed" F="Inh" /><ns0:Cell N="UseGroupGradient" V="Themed" F="Inh" /><ns0:Section N="Paragraph"><ns0:Row IX="0"><ns0:Cell N="IndFirst" V="0" F="Inh" /><ns0:Cell N="IndLeft" V="0" F="Inh" /><ns0:Cell N="IndRight" V="0" F="Inh" /><ns0:Cell N="SpLine" V="-1.2" F="Inh" /><ns0:Cell N="SpBefore" V="0" F="Inh" /><ns0:Cell N="SpAfter" V="0" F="Inh" /><ns0:Cell N="HorzAlign" V="0" /><ns0:Cell N="Bullet" V="0" F="Inh" /><ns0:Cell N="BulletStr" V="" F="Inh" /><ns0:Cell N="BulletFont" V="0" F="Inh" /><ns0:Cell N="BulletFontSize" V="-1" F="Inh" /><ns0:Cell N="TextPosAfterBullet" V="0" F="Inh" /><ns0:Cell N="Flags" V="0" F="Inh" /></ns0:Row></ns0:Section></ns0:StyleSheet><ns0:StyleSheet ID="2" NameU="None" IsCustomNameU="1" Name="None" IsCustomName="1" LineStyle="3" FillStyle="3" TextStyle="3"><ns0:Cell N="EnableLineProps" V="1" /><ns0:Cell N="EnableFillProps" V="1" /><ns0:Cell N="EnableTextProps" V="1" /><ns0:Cell N="HideForApply" V="0" /><ns0:Cell N="LineWeight" V="Themed" F="Inh" /><ns0:Cell N="LineColor" V="Themed" F="Inh" /><ns0:Cell N="LinePattern" V="0" /><ns0:Cell N="Rounding" V="Themed" F="Inh" /><ns0:Cell N="EndArrowSize" V="2" F="Inh" /><ns0:Cell N="BeginArrow" V="0" F="Inh" /><ns0:Cell N="EndArrow" V="0" F="Inh" /><ns0:Cell N="LineCap" V="Themed" F="Inh" /><ns0:Cell N="BeginArrowSize" V="2" F="Inh" /><ns0:Cell N="LineColorTrans" V="Themed" F="Inh" /><ns0:Cell N="CompoundType" V="Themed" F="Inh" /><ns0:Cell N="FillForegnd" V="Themed" F="Inh" /><ns0:Cell N="FillBkgnd" V="Themed" F="Inh" /><ns0:Cell N="FillPattern" V="0" /><ns0:Cell N="ShdwForegnd" V="Themed" F="Inh" /><ns0:Cell N="ShdwPattern" V="Themed" F="Inh" /><ns0:Cell N="FillForegndTrans" V="Themed" F="Inh" /><ns0:Cell N="FillBkgndTrans" V="Themed" F="Inh" /><ns0:Cell N="ShdwForegndTrans" V="Themed" F="Inh" /><ns0:Cell N="ShapeShdwType" V="Themed" F="Inh" /><ns0:Cell N="ShapeShdwOffsetX" V="Themed" F="Inh" /><ns0:Cell N="ShapeShdwOffsetY" V="Themed" F="Inh" /><ns0:Cell N="ShapeShdwObliqueAngle" V="Themed" F="Inh" /><ns0:Cell N="ShapeShdwScaleFactor" V="Themed" F="Inh" /><ns0:Cell N="ShapeShdwBlur" V="Themed" F="Inh" /><ns0:Cell N="ShapeShdwShow" V="0" F="Inh" /><ns0:Cell N="LineGradientDir" V="Themed" F="Inh" /><ns0:Cell N="LineGradientAngle" V="Themed" F="Inh" /><ns0:Cell N="FillGradientDir" V="Themed" F="Inh" /><ns0:Cell N="FillGradientAngle" V="Themed" F="Inh" /><ns0:Cell N="LineGradientEnabled" V="0" /><ns0:Cell N="FillGradientEnabled" V="0" /><ns0:Cell N="RotateGradientWithShape" V="Themed" F="Inh" /><ns0:Cell N="UseGroupGradient" V="Themed" F="Inh" /><ns0:Cell N="QuickStyleLineColor" V="100" F="Inh" /><ns0:Cell N="QuickStyleFillColor" V="100" F="Inh" /><ns0:Cell N="QuickStyleShadowColor" V="100" F="Inh" /><ns0:Cell N="QuickStyleFontColor" V="100" F="Inh" /><ns0:Cell N="QuickStyleLineMatrix" V="100" F="Inh" /><ns0:Cell N="QuickStyleFillMatrix" V="100" F="Inh" /><ns0:Cell N="QuickStyleEffectsMatrix" V="0" F="GUARD(0)" /><ns0:Cell N="QuickStyleFontMatrix" V="100" F="Inh" /><ns0:Cell N="QuickStyleType" V="0" F="Inh" /><ns0:Cell N="QuickStyleVariation" V="2" /></ns0:StyleSheet><ns0:StyleSheet ID="3" NameU="Normal" IsCustomNameU="1" Name="Normal" IsCustomName="1" LineStyle="6" FillStyle="6" TextStyle="6"><ns0:Cell N="EnableLineProps" V="1" /><ns0:Cell N="EnableFillProps" V="1" /><ns0:Cell N="EnableTextProps" V="1" /><ns0:Cell N="HideForApply" V="0" /><ns0:Cell N="LeftMargin" V="0.05555555555555555" U="PT" /><ns0:Cell N="RightMargin" V="0.05555555555555555" U="PT" /><ns0:Cell N="TopMargin" V="0.05555555555555555" U="PT" /><ns0:Cell N="BottomMargin" V="0.05555555555555555" U="PT" /><ns0:Cell N="VerticalAlign" V="1" F="Inh" /><ns0:Cell N="TextBkgnd" V="0" F="Inh" /><ns0:Cell N="DefaultTabStop" V="0.5" F="Inh" /><ns0:Cell N="TextDirection" V="0" F="Inh" /><ns0:Cell N="TextBkgndTrans" V="0" F="Inh" /></ns0:StyleSheet><ns0:StyleSheet ID="4" NameU="Guide" IsCustomNameU="1" Name="Guide" IsCustomName="1" LineStyle="3" FillStyle="3" TextStyle="3"><ns0:Cell N="EnableLineProps" V="1" /><ns0:Cell N="EnableFillProps" V="1" /><ns0:Cell N="EnableTextProps" V="1" /><ns0:Cell N="HideForApply" V="0" /><ns0:Cell N="LineWeight" V="0" U="PT" /><ns0:Cell N="LineColor" V="#7f7f7f" /><ns0:Cell N="LinePattern" V="23" /><ns0:Cell N="Rounding" V="Themed" F="Inh" /><ns0:Cell N="EndArrowSize" V="2" F="Inh" /><ns0:Cell N="BeginArrow" V="0" F="Inh" /><ns0:Cell N="EndArrow" V="0" F="Inh" /><ns0:Cell N="LineCap" V="Themed" F="Inh" /><ns0:Cell N="BeginArrowSize" V="2" F="Inh" /><ns0:Cell N="LineColorTrans" V="Themed" F="Inh" /><ns0:Cell N="CompoundType" V="Themed" F="Inh" /><ns0:Cell N="FillForegnd" V="Themed" F="Inh" /><ns0:Cell N="FillBkgnd" V="Themed" F="Inh" /><ns0:Cell N="FillPattern" V="0" /><ns0:Cell N="ShdwForegnd" V="Themed" F="Inh" /><ns0:Cell N="ShdwPattern" V="Themed" F="Inh" /><ns0:Cell N="FillForegndTrans" V="Themed" F="Inh" /><ns0:Cell N="FillBkgndTrans" V="Themed" F="Inh" /><ns0:Cell N="ShdwForegndTrans" V="Themed" F="Inh" /><ns0:Cell N="ShapeShdwType" V="Themed" F="Inh" /><ns0:Cell N="ShapeShdwOffsetX" V="Themed" F="Inh" /><ns0:Cell N="ShapeShdwOffsetY" V="Themed" F="Inh" /><ns0:Cell N="ShapeShdwObliqueAngle" V="Themed" F="Inh" /><ns0:Cell N="ShapeShdwScaleFactor" V="Themed" F="Inh" /><ns0:Cell N="ShapeShdwBlur" V="Themed" F="Inh" /><ns0:Cell N="ShapeShdwShow" V="0" F="Inh" /><ns0:Cell N="LineGradientDir" V="Themed" F="Inh" /><ns0:Cell N="LineGradientAngle" V="Themed" F="Inh" /><ns0:Cell N="FillGradientDir" V="Themed" F="Inh" /><ns0:Cell N="FillGradientAngle" V="Themed" F="Inh" /><ns0:Cell N="LineGradientEnabled" V="0" /><ns0:Cell N="FillGradientEnabled" V="0" /><ns0:Cell N="RotateGradientWithShape" V="Themed" F="Inh" /><ns0:Cell N="UseGroupGradient" V="Themed" F="Inh" /><ns0:Cell N="LeftMargin" V="0.05555555555555555" U="PT" F="Inh" /><ns0:Cell N="RightMargin" V="0.05555555555555555" U="PT" F="Inh" /><ns0:Cell N="TopMargin" V="0" /><ns0:Cell N="BottomMargin" V="0" /><ns0:Cell N="VerticalAlign" V="2" /><ns0:Cell N="TextBkgnd" V="0" F="Inh" /><ns0:Cell N="DefaultTabStop" V="0.5" F="Inh" /><ns0:Cell N="TextDirection" V="0" F="Inh" /><ns0:Cell N="TextBkgndTrans" V="0" F="Inh" /><ns0:Cell N="NoObjHandles" V="0" F="Inh" /><ns0:Cell N="NonPrinting" V="1" /><ns0:Cell N="NoCtlHandles" V="0" F="Inh" /><ns0:Cell N="NoAlignBox" V="0" F="Inh" /><ns0:Cell N="UpdateAlignBox" V="0" F="Inh" /><ns0:Cell N="HideText" V="0" F="Inh" /><ns0:Cell N="DynFeedback" V="0" F="Inh" /><ns0:Cell N="GlueType" V="0" F="Inh" /><ns0:Cell N="WalkPreference" V="0" F="Inh" /><ns0:Cell N="BegTrigger" V="0" F="No Formula" /><ns0:Cell N="EndTrigger" V="0" F="No Formula" /><ns0:Cell N="ObjType" V="0" F="Inh" /><ns0:Cell N="Comment" V="" F="Inh" /><ns0:Cell N="IsDropSource" V="0" F="Inh" /><ns0:Cell N="NoLiveDynamics" V="0" F="Inh" /><ns0:Cell N="LocalizeMerge" V="0" F="Inh" /><ns0:Cell N="NoProofing" V="0" F="Inh" /><ns0:Cell N="Calendar" V="0" F="Inh" /><ns0:Cell N="LangID" V="en-US" F="Inh" /><ns0:Cell N="ShapeKeywords" V="" F="Inh" /><ns0:Cell N="DropOnPageScale" V="1" F="Inh" /><ns0:Cell N="ShapePermeableX" V="1" /><ns0:Cell N="ShapePermeableY" V="1" /><ns0:Cell N="ShapePermeablePlace" V="1" /><ns0:Cell N="Relationships" V="0" F="Inh" /><ns0:Cell N="ShapeFixedCode" V="0" F="Inh" /><ns0:Cell N="ShapePlowCode" V="0" F="Inh" /><ns0:Cell N="ShapeRouteStyle" V="0" F="Inh" /><ns0:Cell N="ShapePlaceStyle" V="0" F="Inh" /><ns0:Cell N="ConFixedCode" V="0" F="Inh" /><ns0:Cell N="ConLineJumpCode" V="0" F="Inh" /><ns0:Cell N="ConLineJumpStyle" V="0" F="Inh" /><ns0:Cell N="ConLineJumpDirX" V="0" F="Inh" /><ns0:Cell N="ConLineJumpDirY" V="0" F="Inh" /><ns0:Cell N="ShapePlaceFlip" V="0" F="Inh" /><ns0:Cell N="ConLineRouteExt" V="0" F="Inh" /><ns0:Cell N="ShapeSplit" V="0" F="Inh" /><ns0:Cell N="ShapeSplittable" V="0" F="Inh" /><ns0:Cell N="DisplayLevel" V="0" F="Inh" /><ns0:Section N="Character"><ns0:Row IX="0"><ns0:Cell N="Font" V="Themed" F="Inh" /><ns0:Cell N="Color" V="4" /><ns0:Cell N="Style" V="Themed" F="Inh" /><ns0:Cell N="Case" V="0" F="Inh" /><ns0:Cell N="Pos" V="0" F="Inh" /><ns0:Cell N="FontScale" V="1" F="Inh" /><ns0:Cell N="Size" V="0.125" /><ns0:Cell N="DblUnderline" V="0" F="Inh" /><ns0:Cell N="Overline" V="0" F="Inh" /><ns0:Cell N="Strikethru" V="0" F="Inh" /><ns0:Cell N="DoubleStrikethrough" V="0" F="Inh" /><ns0:Cell N="Letterspace" V="0" F="Inh" /><ns0:Cell N="ColorTrans" V="0" F="Inh" /><ns0:Cell N="AsianFont" V="Themed" F="Inh" /><ns0:Cell N="ComplexScriptFont" V="Themed" F="Inh" /><ns0:Cell N="ComplexScriptSize" V="-1" F="Inh" /><ns0:Cell N="LangID" V="en-US" F="Inh" /></ns0:Row></ns0:Section></ns0:StyleSheet><ns0:StyleSheet ID="6" NameU="Theme" IsCustomNameU="1" Name="Theme" IsCustomName="1" LineStyle="0" FillStyle="0" TextStyle="0"><ns0:Cell N="EnableLineProps" V="1" /><ns0:Cell N="EnableFillProps" V="1" /><ns0:Cell N="EnableTextProps" V="1" /><ns0:Cell N="HideForApply" V="0" /><ns0:Cell N="LineWeight" V="Themed" F="THEMEVAL()" /><ns0:Cell N="LineColor" V="Themed" F="THEMEVAL()" /><ns0:Cell N="LinePattern" V="Themed" F="THEMEVAL()" /><ns0:Cell N="Rounding" V="Themed" F="THEMEVAL()" /><ns0:Cell N="EndArrowSize" V="2" F="Inh" /><ns0:Cell N="BeginArrow" V="0" F="Inh" /><ns0:Cell N="EndArrow" V="0" F="Inh" /><ns0:Cell N="LineCap" V="Themed" F="THEMEVAL()" /><ns0:Cell N="BeginArrowSize" V="2" F="Inh" /><ns0:Cell N="LineColorTrans" V="Themed" F="THEMEVAL()" /><ns0:Cell N="CompoundType" V="Themed" F="THEMEVAL()" /><ns0:Cell N="FillForegnd" V="Themed" F="THEMEVAL()" /><ns0:Cell N="FillBkgnd" V="Themed" F="THEMEVAL()" /><ns0:Cell N="FillPattern" V="Themed" F="THEMEVAL()" /><ns0:Cell N="ShdwForegnd" V="Themed" F="THEMEVAL()" /><ns0:Cell N="ShdwPattern" V="Themed" F="THEMEVAL()" /><ns0:Cell N="FillForegndTrans" V="Themed" F="THEMEVAL()" /><ns0:Cell N="FillBkgndTrans" V="Themed" F="THEMEVAL()" /><ns0:Cell N="ShdwForegndTrans" V="Themed" F="THEMEVAL()" /><ns0:Cell N="ShapeShdwType" V="Themed" F="THEMEVAL()" /><ns0:Cell N="ShapeShdwOffsetX" V="Themed" F="THEMEVAL()" /><ns0:Cell N="ShapeShdwOffsetY" V="Themed" F="THEMEVAL()" /><ns0:Cell N="ShapeShdwObliqueAngle" V="Themed" F="THEMEVAL()" /><ns0:Cell N="ShapeShdwScaleFactor" V="Themed" F="THEMEVAL()" /><ns0:Cell N="ShapeShdwBlur" V="Themed" F="THEMEVAL()" /><ns0:Cell N="ShapeShdwShow" V="0" F="Inh" /><ns0:Cell N="LineGradientDir" V="Themed" F="THEMEVAL()" /><ns0:Cell N="LineGradientAngle" V="Themed" F="THEMEVAL()" /><ns0:Cell N="FillGradientDir" V="Themed" F="THEMEVAL()" /><ns0:Cell N="FillGradientAngle" V="Themed" F="THEMEVAL()" /><ns0:Cell N="LineGradientEnabled" V="Themed" F="THEMEVAL()" /><ns0:Cell N="FillGradientEnabled" V="Themed" F="THEMEVAL()" /><ns0:Cell N="RotateGradientWithShape" V="Themed" F="THEMEVAL()" /><ns0:Cell N="UseGroupGradient" V="Themed" F="THEMEVAL()" /><ns0:Cell N="BevelTopType" V="Themed" F="THEMEVAL()" /><ns0:Cell N="BevelTopWidth" V="Themed" F="THEMEVAL()" /><ns0:Cell N="BevelTopHeight" V="Themed" F="THEMEVAL()" /><ns0:Cell N="BevelBottomType" V="0" F="Inh" /><ns0:Cell N="BevelBottomWidth" V="0" F="Inh" /><ns0:Cell N="BevelBottomHeight" V="0" F="Inh" /><ns0:Cell N="BevelDepthColor" V="1" F="Inh" /><ns0:Cell N="BevelDepthSize" V="0" F="Inh" /><ns0:Cell N="BevelContourColor" V="Themed" F="THEMEVAL()" /><ns0:Cell N="BevelContourSize" V="Themed" F="THEMEVAL()" /><ns0:Cell N="BevelMaterialType" V="Themed" F="THEMEVAL()" /><ns0:Cell N="BevelLightingType" V="Themed" F="THEMEVAL()" /><ns0:Cell N="BevelLightingAngle" V="Themed" F="THEMEVAL()" /><ns0:Cell N="ReflectionTrans" V="Themed" F="THEMEVAL()" /><ns0:Cell N="ReflectionSize" V="Themed" F="THEMEVAL()" /><ns0:Cell N="ReflectionDist" V="Themed" F="THEMEVAL()" /><ns0:Cell N="ReflectionBlur" V="Themed" F="THEMEVAL()" /><ns0:Cell N="GlowColor" V="Themed" F="THEMEVAL()" /><ns0:Cell N="GlowColorTrans" V="Themed" F="THEMEVAL()" /><ns0:Cell N="GlowSize" V="Themed" F="THEMEVAL()" /><ns0:Cell N="SoftEdgesSize" V="Themed" F="THEMEVAL()" /><ns0:Cell N="SketchSeed" V="0" F="Inh" /><ns0:Cell N="SketchEnabled" V="Themed" F="THEMEVAL()" /><ns0:Cell N="SketchAmount" V="Themed" F="THEMEVAL()" /><ns0:Cell N="SketchLineWeight" V="Themed" F="THEMEVAL()" /><ns0:Cell N="SketchLineChange" V="Themed" F="THEMEVAL()" /><ns0:Cell N="SketchFillChange" V="Themed" F="THEMEVAL()" /><ns0:Cell N="QuickStyleLineColor" V="100" /><ns0:Cell N="QuickStyleFillColor" V="100" /><ns0:Cell N="QuickStyleShadowColor" V="100" /><ns0:Cell N="QuickStyleFontColor" V="100" /><ns0:Cell N="QuickStyleLineMatrix" V="100" /><ns0:Cell N="QuickStyleFillMatrix" V="100" /><ns0:Cell N="QuickStyleEffectsMatrix" V="100" /><ns0:Cell N="QuickStyleFontMatrix" V="100" /><ns0:Cell N="QuickStyleType" V="0" F="Inh" /><ns0:Cell N="QuickStyleVariation" V="0" F="Inh" /><ns0:Cell N="ColorSchemeIndex" V="65534" /><ns0:Cell N="EffectSchemeIndex" V="65534" /><ns0:Cell N="ConnectorSchemeIndex" V="65534" /><ns0:Cell N="FontSchemeIndex" V="65534" /><ns0:Cell N="ThemeIndex" V="65534" /><ns0:Cell N="VariationColorIndex" V="65534" /><ns0:Cell N="VariationStyleIndex" V="65534" /><ns0:Cell N="EmbellishmentIndex" V="65534" /><ns0:Section N="Character"><ns0:Row IX="0"><ns0:Cell N="Font" V="Themed" F="THEMEVAL()" /><ns0:Cell N="Color" V="Themed" F="THEMEVAL()" /><ns0:Cell N="Style" V="Themed" F="THEMEVAL()" /><ns0:Cell N="Case" V="0" F="Inh" /><ns0:Cell N="Pos" V="0" F="Inh" /><ns0:Cell N="FontScale" V="1" F="Inh" /><ns0:Cell N="Size" V="0.1666666666666667" F="Inh" /><ns0:Cell N="DblUnderline" V="0" F="Inh" /><ns0:Cell N="Overline" V="0" F="Inh" /><ns0:Cell N="Strikethru" V="0" F="Inh" /><ns0:Cell N="DoubleStrikethrough" V="0" F="Inh" /><ns0:Cell N="Letterspace" V="0" F="Inh" /><ns0:Cell N="ColorTrans" V="0" F="Inh" /><ns0:Cell N="AsianFont" V="Themed" F="THEMEVAL()" /><ns0:Cell N="ComplexScriptFont" V="Themed" F="THEMEVAL()" /><ns0:Cell N="ComplexScriptSize" V="-1" F="Inh" /><ns0:Cell N="LangID" V="en-US" F="Inh" /></ns0:Row></ns0:Section><ns0:Section N="FillGradient"><ns0:Row IX="0"><ns0:Cell N="GradientStopColor" V="Themed" F="THEMEVAL()" /><ns0:Cell N="GradientStopColorTrans" V="Themed" F="THEMEVAL()" /><ns0:Cell N="GradientStopPosition" V="Themed" F="THEMEVAL()" /></ns0:Row><ns0:Row IX="1"><ns0:Cell N="GradientStopColor" V="Themed" F="THEMEVAL()" /><ns0:Cell N="GradientStopColorTrans" V="Themed" F="THEMEVAL()" /><ns0:Cell N="GradientStopPosition" V="Themed" F="THEMEVAL()" /></ns0:Row><ns0:Row IX="2"><ns0:Cell N="GradientStopColor" V="Themed" F="THEMEVAL()" /><ns0:Cell N="GradientStopColorTrans" V="Themed" F="THEMEVAL()" /><ns0:Cell N="GradientStopPosition" V="Themed" F="THEMEVAL()" /></ns0:Row><ns0:Row IX="3"><ns0:Cell N="GradientStopColor" V="Themed" F="THEMEVAL()" /><ns0:Cell N="GradientStopColorTrans" V="Themed" F="THEMEVAL()" /><ns0:Cell N="GradientStopPosition" V="Themed" F="THEMEVAL()" /></ns0:Row><ns0:Row IX="4"><ns0:Cell N="GradientStopColor" V="Themed" F="THEMEVAL()" /><ns0:Cell N="GradientStopColorTrans" V="Themed" F="THEMEVAL()" /><ns0:Cell N="GradientStopPosition" V="Themed" F="THEMEVAL()" /></ns0:Row><ns0:Row IX="5"><ns0:Cell N="GradientStopColor" V="Themed" F="THEMEVAL()" /><ns0:Cell N="GradientStopColorTrans" V="Themed" F="THEMEVAL()" /><ns0:Cell N="GradientStopPosition" V="Themed" F="THEMEVAL()" /></ns0:Row><ns0:Row IX="6"><ns0:Cell N="GradientStopColor" V="Themed" F="THEMEVAL()" /><ns0:Cell N="GradientStopColorTrans" V="Themed" F="THEMEVAL()" /><ns0:Cell N="GradientStopPosition" V="Themed" F="THEMEVAL()" /></ns0:Row><ns0:Row IX="7"><ns0:Cell N="GradientStopColor" V="Themed" F="THEMEVAL()" /><ns0:Cell N="GradientStopColorTrans" V="Themed" F="THEMEVAL()" /><ns0:Cell N="GradientStopPosition" V="Themed" F="THEMEVAL()" /></ns0:Row><ns0:Row IX="8"><ns0:Cell N="GradientStopColor" V="Themed" F="THEMEVAL()" /><ns0:Cell N="GradientStopColorTrans" V="Themed" F="THEMEVAL()" /><ns0:Cell N="GradientStopPosition" V="Themed" F="THEMEVAL()" /></ns0:Row><ns0:Row IX="9"><ns0:Cell N="GradientStopColor" V="Themed" F="THEMEVAL()" /><ns0:Cell N="GradientStopColorTrans" V="Themed" F="THEMEVAL()" /><ns0:Cell N="GradientStopPosition" V="Themed" F="THEMEVAL()" /></ns0:Row></ns0:Section><ns0:Section N="LineGradient"><ns0:Row IX="0"><ns0:Cell N="GradientStopColor" V="Themed" F="THEMEVAL()" /><ns0:Cell N="GradientStopColorTrans" V="Themed" F="THEMEVAL()" /><ns0:Cell N="GradientStopPosition" V="Themed" F="THEMEVAL()" /></ns0:Row><ns0:Row IX="1"><ns0:Cell N="GradientStopColor" V="Themed" F="THEMEVAL()" /><ns0:Cell N="GradientStopColorTrans" V="Themed" F="THEMEVAL()" /><ns0:Cell N="GradientStopPosition" V="Themed" F="THEMEVAL()" /></ns0:Row><ns0:Row IX="2"><ns0:Cell N="GradientStopColor" V="Themed" F="THEMEVAL()" /><ns0:Cell N="GradientStopColorTrans" V="Themed" F="THEMEVAL()" /><ns0:Cell N="GradientStopPosition" V="Themed" F="THEMEVAL()" /></ns0:Row><ns0:Row IX="3"><ns0:Cell N="GradientStopColor" V="Themed" F="THEMEVAL()" /><ns0:Cell N="GradientStopColorTrans" V="Themed" F="THEMEVAL()" /><ns0:Cell N="GradientStopPosition" V="Themed" F="THEMEVAL()" /></ns0:Row><ns0:Row IX="4"><ns0:Cell N="GradientStopColor" V="Themed" F="THEMEVAL()" /><ns0:Cell N="GradientStopColorTrans" V="Themed" F="THEMEVAL()" /><ns0:Cell N="GradientStopPosition" V="Themed" F="THEMEVAL()" /></ns0:Row><ns0:Row IX="5"><ns0:Cell N="GradientStopColor" V="Themed" F="THEMEVAL()" /><ns0:Cell N="GradientStopColorTrans" V="Themed" F="THEMEVAL()" /><ns0:Cell N="GradientStopPosition" V="Themed" F="THEMEVAL()" /></ns0:Row><ns0:Row IX="6"><ns0:Cell N="GradientStopColor" V="Themed" F="THEMEVAL()" /><ns0:Cell N="GradientStopColorTrans" V="Themed" F="THEMEVAL()" /><ns0:Cell N="GradientStopPosition" V="Themed" F="THEMEVAL()" /></ns0:Row><ns0:Row IX="7"><ns0:Cell N="GradientStopColor" V="Themed" F="THEMEVAL()" /><ns0:Cell N="GradientStopColorTrans" V="Themed" F="THEMEVAL()" /><ns0:Cell N="GradientStopPosition" V="Themed" F="THEMEVAL()" /></ns0:Row><ns0:Row IX="8"><ns0:Cell N="GradientStopColor" V="Themed" F="THEMEVAL()" /><ns0:Cell N="GradientStopColorTrans" V="Themed" F="THEMEVAL()" /><ns0:Cell N="GradientStopPosition" V="Themed" F="THEMEVAL()" /></ns0:Row><ns0:Row IX="9"><ns0:Cell N="GradientStopColor" V="Themed" F="THEMEVAL()" /><ns0:Cell N="GradientStopColorTrans" V="Themed" F="THEMEVAL()" /><ns0:Cell N="GradientStopPosition" V="Themed" F="THEMEVAL()" /></ns0:Row></ns0:Section></ns0:StyleSheet><ns0:StyleSheet ID="7" NameU="Flow Normal" IsCustomNameU="1" Name="Flow Normal" IsCustomName="1" LineStyle="6" FillStyle="6" TextStyle="6"><ns0:Cell N="EnableLineProps" V="1" /><ns0:Cell N="EnableFillProps" V="1" /><ns0:Cell N="EnableTextProps" V="1" /><ns0:Cell N="HideForApply" V="0" /><ns0:Cell N="LineWeight" V="0.003333333333333333" U="PT" F="THEMEVAL(&quot;LineWeight&quot;,0.24PT)" /><ns0:Cell N="LineColor" V="#000000" F="THEMEVAL(&quot;LineColor&quot;,RGB(0,0,0))" /><ns0:Cell N="LinePattern" V="Themed" F="Inh" /><ns0:Cell N="Rounding" V="Themed" F="Inh" /><ns0:Cell N="EndArrowSize" V="2" F="Inh" /><ns0:Cell N="BeginArrow" V="0" F="Inh" /><ns0:Cell N="EndArrow" V="0" F="Inh" /><ns0:Cell N="LineCap" V="Themed" F="Inh" /><ns0:Cell N="BeginArrowSize" V="2" F="Inh" /><ns0:Cell N="LineColorTrans" V="Themed" F="Inh" /><ns0:Cell N="CompoundType" V="Themed" F="Inh" /><ns0:Cell N="NoObjHandles" V="0" F="Inh" /><ns0:Cell N="NonPrinting" V="0" F="Inh" /><ns0:Cell N="NoCtlHandles" V="0" F="Inh" /><ns0:Cell N="NoAlignBox" V="0" F="Inh" /><ns0:Cell N="UpdateAlignBox" V="0" F="Inh" /><ns0:Cell N="HideText" V="0" F="Inh" /><ns0:Cell N="DynFeedback" V="0" F="Inh" /><ns0:Cell N="GlueType" V="0" F="Inh" /><ns0:Cell N="WalkPreference" V="0" F="Inh" /><ns0:Cell N="BegTrigger" V="0" F="No Formula" /><ns0:Cell N="EndTrigger" V="0" F="No Formula" /><ns0:Cell N="ObjType" V="0" F="Inh" /><ns0:Cell N="Comment" V="" F="Inh" /><ns0:Cell N="IsDropSource" V="0" F="Inh" /><ns0:Cell N="NoLiveDynamics" V="0" F="Inh" /><ns0:Cell N="LocalizeMerge" V="0" F="Inh" /><ns0:Cell N="NoProofing" V="0" F="Inh" /><ns0:Cell N="Calendar" V="0" F="Inh" /><ns0:Cell N="LangID" V="en-US" F="Inh" /><ns0:Cell N="ShapeKeywords" V="" F="Inh" /><ns0:Cell N="DropOnPageScale" V="1" F="Inh" /><ns0:Cell N="FillForegnd" V="Themed" F="Inh" /><ns0:Cell N="FillBkgnd" V="15" F="THEMEVAL(&quot;FillColor2&quot;,15)" /><ns0:Cell N="FillPattern" V="Themed" F="Inh" /><ns0:Cell N="ShdwForegnd" V="Themed" F="Inh" /><ns0:Cell N="ShdwPattern" V="Themed" F="Inh" /><ns0:Cell N="FillForegndTrans" V="Themed" F="Inh" /><ns0:Cell N="FillBkgndTrans" V="Themed" F="Inh" /><ns0:Cell N="ShdwForegndTrans" V="Themed" F="Inh" /><ns0:Cell N="ShapeShdwType" V="Themed" F="Inh" /><ns0:Cell N="ShapeShdwOffsetX" V="Themed" F="Inh" /><ns0:Cell N="ShapeShdwOffsetY" V="Themed" F="Inh" /><ns0:Cell N="ShapeShdwObliqueAngle" V="Themed" F="Inh" /><ns0:Cell N="ShapeShdwScaleFactor" V="Themed" F="Inh" /><ns0:Cell N="ShapeShdwBlur" V="Themed" F="Inh" /><ns0:Cell N="ShapeShdwShow" V="0" F="Inh" /><ns0:Cell N="LeftMargin" V="0.02777777777777778" U="PT" /><ns0:Cell N="RightMargin" V="0.02777777777777778" U="PT" /><ns0:Cell N="TopMargin" V="0.02777777777777778" U="PT" /><ns0:Cell N="BottomMargin" V="0.02777777777777778" U="PT" /><ns0:Cell N="VerticalAlign" V="1" F="Inh" /><ns0:Cell N="TextBkgnd" V="0" F="Inh" /><ns0:Cell N="DefaultTabStop" V="0.5" F="Inh" /><ns0:Cell N="TextDirection" V="0" F="Inh" /><ns0:Cell N="TextBkgndTrans" V="0" F="Inh" /><ns0:Cell N="LockWidth" V="0" F="Inh" /><ns0:Cell N="LockHeight" V="0" F="Inh" /><ns0:Cell N="LockMoveX" V="0" F="Inh" /><ns0:Cell N="LockMoveY" V="0" F="Inh" /><ns0:Cell N="LockAspect" V="0" F="Inh" /><ns0:Cell N="LockDelete" V="0" F="Inh" /><ns0:Cell N="LockBegin" V="0" F="Inh" /><ns0:Cell N="LockEnd" V="0" F="Inh" /><ns0:Cell N="LockRotate" V="0" F="Inh" /><ns0:Cell N="LockCrop" V="0" F="Inh" /><ns0:Cell N="LockVtxEdit" V="0" F="Inh" /><ns0:Cell N="LockTextEdit" V="0" F="Inh" /><ns0:Cell N="LockFormat" V="0" F="Inh" /><ns0:Cell N="LockGroup" V="0" F="Inh" /><ns0:Cell N="LockCalcWH" V="0" F="Inh" /><ns0:Cell N="LockSelect" V="0" F="Inh" /><ns0:Cell N="LockCustProp" V="0" F="Inh" /><ns0:Cell N="LockFromGroupFormat" V="0" F="Inh" /><ns0:Cell N="LockThemeColors" V="0" F="Inh" /><ns0:Cell N="LockThemeEffects" V="0" F="Inh" /><ns0:Cell N="LockThemeConnectors" V="0" F="Inh" /><ns0:Cell N="LockThemeFonts" V="0" F="Inh" /><ns0:Cell N="LockThemeIndex" V="0" F="Inh" /><ns0:Cell N="LockReplace" V="0" F="Inh" /><ns0:Cell N="LockVariation" V="0" F="Inh" /><ns0:Cell N="SelectMode" V="1" F="Inh" /><ns0:Cell N="DisplayMode" V="2" F="Inh" /><ns0:Cell N="IsDropTarget" V="0" F="Inh" /><ns0:Cell N="IsSnapTarget" V="1" F="Inh" /><ns0:Cell N="IsTextEditTarget" V="1" F="Inh" /><ns0:Cell N="DontMoveChildren" V="0" F="Inh" /><ns0:Cell N="Gamma" V="1" F="Inh" /><ns0:Cell N="Contrast" V="0.5" F="Inh" /><ns0:Cell N="Brightness" V="0.5" F="Inh" /><ns0:Cell N="Sharpen" V="0" F="Inh" /><ns0:Cell N="Blur" V="0" F="Inh" /><ns0:Cell N="Denoise" V="0" F="Inh" /><ns0:Cell N="Transparency" V="0" F="Inh" /><ns0:Cell N="TheData" V="0" F="No Formula" /><ns0:Cell N="TheText" V="0" F="No Formula" /><ns0:Cell N="EventDblClick" V="0" F="DEFAULTEVENT()" /><ns0:Cell N="EventXFMod" V="0" F="No Formula" /><ns0:Cell N="EventDrop" V="0" F="No Formula" /><ns0:Cell N="EventMultiDrop" V="0" F="No Formula" /><ns0:Cell N="ShapePermeableX" V="0" F="Inh" /><ns0:Cell N="ShapePermeableY" V="0" F="Inh" /><ns0:Cell N="ShapePermeablePlace" V="0" F="Inh" /><ns0:Cell N="Relationships" V="0" F="Inh" /><ns0:Cell N="ShapeFixedCode" V="0" F="Inh" /><ns0:Cell N="ShapePlowCode" V="0" F="Inh" /><ns0:Cell N="ShapeRouteStyle" V="0" F="Inh" /><ns0:Cell N="ShapePlaceStyle" V="0" F="Inh" /><ns0:Cell N="ConFixedCode" V="0" F="Inh" /><ns0:Cell N="ConLineJumpCode" V="0" F="Inh" /><ns0:Cell N="ConLineJumpStyle" V="0" F="Inh" /><ns0:Cell N="ConLineJumpDirX" V="0" F="Inh" /><ns0:Cell N="ConLineJumpDirY" V="0" F="Inh" /><ns0:Cell N="ShapePlaceFlip" V="0" F="Inh" /><ns0:Cell N="ConLineRouteExt" V="0" F="Inh" /><ns0:Cell N="ShapeSplit" V="0" F="Inh" /><ns0:Cell N="ShapeSplittable" V="0" F="Inh" /><ns0:Cell N="DisplayLevel" V="0" F="Inh" /><ns0:Section N="Character"><ns0:Row IX="0"><ns0:Cell N="Font" V="Themed" F="Inh" /><ns0:Cell N="Color" V="#000000" F="THEMEVAL(&quot;TextColor&quot;,RGB(0,0,0))" /><ns0:Cell N="Style" V="Themed" F="Inh" /><ns0:Cell N="Case" V="0" F="Inh" /><ns0:Cell N="Pos" V="0" F="Inh" /><ns0:Cell N="FontScale" V="1" F="Inh" /><ns0:Cell N="Size" V="0.1111111111111111" U="PT" /><ns0:Cell N="DblUnderline" V="0" F="Inh" /><ns0:Cell N="Overline" V="0" F="Inh" /><ns0:Cell N="Strikethru" V="0" F="Inh" /><ns0:Cell N="DoubleStrikethrough" V="0" F="Inh" /><ns0:Cell N="Letterspace" V="0" F="Inh" /><ns0:Cell N="ColorTrans" V="0" F="Inh" /><ns0:Cell N="AsianFont" V="Themed" F="Inh" /><ns0:Cell N="ComplexScriptFont" V="Themed" F="Inh" /><ns0:Cell N="ComplexScriptSize" V="-1" F="Inh" /><ns0:Cell N="LangID" V="en-US" F="Inh" /></ns0:Row></ns0:Section><ns0:Section N="Paragraph"><ns0:Row IX="0"><ns0:Cell N="IndFirst" V="0" F="Inh" /><ns0:Cell N="IndLeft" V="0" F="Inh" /><ns0:Cell N="IndRight" V="0" F="Inh" /><ns0:Cell N="SpLine" V="-1.2" F="Inh" /><ns0:Cell N="SpBefore" V="0" F="Inh" /><ns0:Cell N="SpAfter" V="0" F="Inh" /><ns0:Cell N="HorzAlign" V="1" F="Inh" /><ns0:Cell N="Bullet" V="0" F="Inh" /><ns0:Cell N="BulletStr" V="" F="Inh" /><ns0:Cell N="BulletFont" V="0" F="Inh" /><ns0:Cell N="BulletFontSize" V="-1" F="Inh" /><ns0:Cell N="TextPosAfterBullet" V="0" F="Inh" /><ns0:Cell N="Flags" V="0" /></ns0:Row></ns0:Section></ns0:StyleSheet><ns0:StyleSheet ID="10" NameU="Connector" IsCustomNameU="1" Name="Connector" IsCustomName="1" LineStyle="3" FillStyle="3" TextStyle="3"><ns0:Cell N="EnableLineProps" V="1" /><ns0:Cell N="EnableFillProps" V="1" /><ns0:Cell N="EnableTextProps" V="1" /><ns0:Cell N="HideForApply" V="0" /><ns0:Cell N="LeftMargin" V="0.05555555555555555" U="PT" F="Inh" /><ns0:Cell N="RightMargin" V="0.05555555555555555" U="PT" F="Inh" /><ns0:Cell N="TopMargin" V="0.05555555555555555" U="PT" F="Inh" /><ns0:Cell N="BottomMargin" V="0.05555555555555555" U="PT" F="Inh" /><ns0:Cell N="VerticalAlign" V="1" F="Inh" /><ns0:Cell N="TextBkgnd" V="#ffffff" F="THEMEGUARD(THEMEVAL(&quot;BackgroundColor&quot;)+1)" /><ns0:Cell N="DefaultTabStop" V="0.5" F="Inh" /><ns0:Cell N="TextDirection" V="0" F="Inh" /><ns0:Cell N="TextBkgndTrans" V="0" F="Inh" /><ns0:Cell N="NoObjHandles" V="0" F="Inh" /><ns0:Cell N="NonPrinting" V="0" F="Inh" /><ns0:Cell N="NoCtlHandles" V="0" F="Inh" /><ns0:Cell N="NoAlignBox" V="0" F="Inh" /><ns0:Cell N="UpdateAlignBox" V="0" F="Inh" /><ns0:Cell N="HideText" V="0" F="Inh" /><ns0:Cell N="DynFeedback" V="0" F="Inh" /><ns0:Cell N="GlueType" V="0" F="Inh" /><ns0:Cell N="WalkPreference" V="0" F="Inh" /><ns0:Cell N="BegTrigger" V="0" F="No Formula" /><ns0:Cell N="EndTrigger" V="0" F="No Formula" /><ns0:Cell N="ObjType" V="0" F="Inh" /><ns0:Cell N="Comment" V="" F="Inh" /><ns0:Cell N="IsDropSource" V="0" F="Inh" /><ns0:Cell N="NoLiveDynamics" V="0" F="Inh" /><ns0:Cell N="LocalizeMerge" V="0" F="Inh" /><ns0:Cell N="NoProofing" V="0" F="Inh" /><ns0:Cell N="Calendar" V="0" F="Inh" /><ns0:Cell N="LangID" V="en-US" F="Inh" /><ns0:Cell N="ShapeKeywords" V="" F="Inh" /><ns0:Cell N="DropOnPageScale" V="1" F="Inh" /><ns0:Cell N="QuickStyleLineColor" V="100" /><ns0:Cell N="QuickStyleFillColor" V="100" /><ns0:Cell N="QuickStyleShadowColor" V="100" /><ns0:Cell N="QuickStyleFontColor" V="100" /><ns0:Cell N="QuickStyleLineMatrix" V="1" /><ns0:Cell N="QuickStyleFillMatrix" V="1" /><ns0:Cell N="QuickStyleEffectsMatrix" V="1" /><ns0:Cell N="QuickStyleFontMatrix" V="1" /><ns0:Cell N="QuickStyleType" V="0" /><ns0:Cell N="QuickStyleVariation" V="0" /><ns0:Cell N="LineWeight" V="Themed" F="Inh" /><ns0:Cell N="LineColor" V="Themed" F="Inh" /><ns0:Cell N="LinePattern" V="Themed" F="Inh" /><ns0:Cell N="Rounding" V="Themed" F="Inh" /><ns0:Cell N="EndArrowSize" V="Themed" F="THEMEVAL()" /><ns0:Cell N="BeginArrow" V="Themed" F="THEMEVAL()" /><ns0:Cell N="EndArrow" V="Themed" F="THEMEVAL()" /><ns0:Cell N="LineCap" V="Themed" F="Inh" /><ns0:Cell N="BeginArrowSize" V="Themed" F="THEMEVAL()" /><ns0:Cell N="LineColorTrans" V="Themed" F="Inh" /><ns0:Cell N="CompoundType" V="Themed" F="Inh" /><ns0:Section N="Character"><ns0:Row IX="0"><ns0:Cell N="Font" V="Themed" F="Inh" /><ns0:Cell N="Color" V="Themed" F="Inh" /><ns0:Cell N="Style" V="Themed" F="Inh" /><ns0:Cell N="Case" V="0" F="Inh" /><ns0:Cell N="Pos" V="0" F="Inh" /><ns0:Cell N="FontScale" V="1" F="Inh" /><ns0:Cell N="Size" V="0.1111111111111111" /><ns0:Cell N="DblUnderline" V="0" F="Inh" /><ns0:Cell N="Overline" V="0" F="Inh" /><ns0:Cell N="Strikethru" V="0" F="Inh" /><ns0:Cell N="DoubleStrikethrough" V="0" F="Inh" /><ns0:Cell N="Letterspace" V="0" F="Inh" /><ns0:Cell N="ColorTrans" V="0" F="Inh" /><ns0:Cell N="AsianFont" V="Themed" F="Inh" /><ns0:Cell N="ComplexScriptFont" V="Themed" F="Inh" /><ns0:Cell N="ComplexScriptSize" V="-1" F="Inh" /><ns0:Cell N="LangID" V="en-US" F="Inh" /></ns0:Row></ns0:Section></ns0:StyleSheet></ns0:StyleSheets><ns0:DocumentSheet NameU="TheDoc" IsCustomNameU="1" Name="TheDoc" IsCustomName="1" LineStyle="0" FillStyle="0" TextStyle="0"><ns0:Cell N="OutputFormat" V="0" /><ns0:Cell N="LockPreview" V="0" /><ns0:Cell N="AddMarkup" V="0" /><ns0:Cell N="ViewMarkup" V="0" /><ns0:Cell N="DocLockReplace" V="0" U="BOOL" /><ns0:Cell N="NoCoauth" V="0" U="BOOL" /><ns0:Cell N="DocLockDuplicatePage" V="0" U="BOOL" /><ns0:Cell N="PreviewQuality" V="0" /><ns0:Cell N="PreviewScope" V="0" /><ns0:Cell N="DocLangID" V="en-US" /><ns0:Section N="User"><ns0:Row N="msvNoAutoConnect"><ns0:Cell N="Value" V="1" /><ns0:Cell N="Prompt" V="" F="No Formula" /></ns0:Row><ns0:Row N="msvWarnOnPersonalInfo"><ns0:Cell N="Value" V="0" U="BOOL" /><ns0:Cell N="Prompt" V="" F="No Formula" /></ns0:Row></ns0:Section></ns0:DocumentSheet></ns0:VisioDocument>