<?xml version='1.0' encoding='utf-8' ?>
<Windows ClientWidth='1438' ClientHeight='610' xmlns='http://schemas.microsoft.com/office/visio/2012/main' xmlns:r='http://schemas.openxmlformats.org/officeDocument/2006/relationships' xml:space='preserve'><Window ID='0' WindowType='Drawing' WindowState='1073741824' WindowLeft='-11' WindowTop='-45' WindowWidth='1460' WindowHeight='666' ContainerType='Page' Page='0' ViewScale='-1' ViewCenterX='5.481132124785' ViewCenterY='4.2452830570624'><ShowRulers>1</ShowRulers><ShowGrid>1</ShowGrid><ShowPageBreaks>0</ShowPageBreaks><ShowGuides>1</ShowGuides><ShowConnectionPoints>1</ShowConnectionPoints><GlueSettings>9</GlueSettings><SnapSettings>3</SnapSettings><SnapExtensions>34</SnapExtensions><SnapAngles/><DynamicGridEnabled>1</DynamicGridEnabled><TabSplitterPos>0.5</TabSplitterPos></Window><Window ID='1' WindowType='Stencil' WindowState='67109889' WindowLeft='0' WindowTop='-10' WindowWidth='253' WindowHeight='481' Document='BASIC_U.vssx' ParentWindow='0'><StencilGroup>10</StencilGroup><StencilGroupPos>1</StencilGroupPos></Window><Window ID='2' WindowType='Stencil' WindowState='1025' WindowLeft='0' WindowTop='-10' WindowWidth='253' WindowHeight='481' Document='ARROWS_U.vssx' ParentWindow='0'><StencilGroup>10</StencilGroup><StencilGroupPos>2</StencilGroupPos></Window><Window ID='3' WindowType='Stencil' WindowState='67109889' WindowLeft='0' WindowTop='0' WindowWidth='0' WindowHeight='0' Document='basflo_u.vssx' ParentWindow='0'><StencilGroup>10</StencilGroup><StencilGroupPos>0</StencilGroupPos></Window></Windows>